clusters,Complete square to solve (MGSE9-12.A.REI.4a ),Solve Quadratic Equations by Various Methods (MGSE9-12.A.REI.4b ),Graph Equations (MGSE9-12.A.CED.2),Terms and Factors (MGSE9-12.A.SSE.1a ),Factor quadratic expression (MGSE9-12.A.SSE.3a ),Appropriate domain (MGSE9-12.F.IF.5 ),Average rate of change (MGSE9-12.F.IF.6 ),Graph Functions (MGSE9-12.F.IF.7 ),"Show zeros, extrema, symmetry (MGSE9-12.F.IF.8a )",Transform graphs (MGSE9-12.F.BF.3 )
0,0.36363636363636365,0.3090909090909091,0.6381818181818182,1.0,0.09,0.09090909090909091,0.09090909090909091,0.09090909090909091,0.0,0.25
1,0.5357142857142857,0.42857142857142855,0.4757142857142857,0.0,0.19,0.14285714285714285,0.42857142857142855,0.0,0.2857142857142857,0.14285714285714285
2,0.75,0.96,0.736,0.8,0.266,0.6,0.4,1.0,0.8,0.6
3,0.8076923076923077,0.9076923076923078,0.8215384615384616,1.0,0.5384615384615384,0.8461538461538461,0.2692307692307692,0.0,0.9230769230769231,0.4230769230769231
